"230","4237 DUBLIN ROAD, HILLIARD, OH, 43026","Match","Exact","4237 DUBLIN RD, HILLIARD, OH, 43026","-83.10379808599998,40.044584934000056","218656299","L"
"110","1835 FINLAND AVENUE, COLUMBUS, OH, 43223","Match","Exact","1835 FINLAND AVE, COLUMBUS, OH, 43223","-83.04049741199998,39.91908005500005","135674239","R"
"231","3260 RIVERSIDE GREEN DRIVE, DUBLIN, OH, 43017","Match","Exact","3260 RIVERSIDE GREEN DR, DUBLIN, OH, 43017","-83.10375134399999,40.086711507000075","218660076","R"
"111","3480 REFUGEE ROAD, COLUMBUS, OH, 43232","Match","Exact","3480 REFUGEE RD, COLUMBUS, OH, 43232","-82.90697112899994,39.91705528800003","218676939","L"
"232","2701 ZOLLINGER ROAD, COLUMBUS, OH, 43221","Match","Exact","2701 ZOLLINGER RD, COLUMBUS, OH, 43221","-83.08474675199994,40.01970839900008","218691234","L"
"112","1320 CAMBRIDGE BOULEVARD, COLUMBUS, OH, 43212","Match","Exact","1320 CAMBRIDGE BLVD, COLUMBUS, OH, 43212","-83.05806584499999,39.982916927000076","218689345","R"
"233","270 NORTH SPRING ROAD, WESTERVILLE, OH, 43081","Match","Non_Exact","270 N SPRING RD, WESTERVILLE, OH, 43082","-82.90255338399999,40.13437199700007","24588223","L"
"113","3777 DUBLIN ROAD, COLUMBUS, OH, 43221","Match","Exact","3777 DUBLIN RD, COLUMBUS, OH, 43221","-83.10294547799998,40.03069457400005","640032055","L"
"234","1065 OXLEY ROAD, COLUMBUS, OH, 43212","Match","Exact","1065 OXLEY RD, COLUMBUS, OH, 43212","-83.03483599199996,39.980252517000054","135574247","L"
"114","4227 BROADWAY, GROVE CITY, OH, 43123","Match","Exact","4227 BROADWAY, GROVE CITY, OH, 43123","-83.09695894299995,39.87837926100008","218641402","R"
"235","5220 JOHNSTOWN ROAD, NEW ALBANY, OH, 43054","Match","Non_Exact","5220 E JOHNSTOWN RD, NEW ALBANY, OH, 43054","-82.83164269099996,40.061400828000046","218685830","R"
"115","93 WEST WEISHEIMER RD., COLUMBUS, OH, 43214","Match","Exact","93 W WEISHEIMER RD, COLUMBUS, OH, 43214","-83.02268595099997,40.05505121900006","218685305","L"
"236","2350 WEST MOUND STREET, COLUMBUS, OH, 43204","Match","Exact","2350 W MOUND ST, COLUMBUS, OH, 43204","-83.05981249399997,39.93930232300005","218678164","R"
"116","5744 N HAMILTON RD, COLUMBUS, OH, 43230","Match","Exact","5744 N HAMILTON RD, COLUMBUS, OH, 43230","-82.86232451499995,40.07380689900003","218661270","R"
"237","434 NORTON RD, COLUMBUS, OH, 43228","Match","Exact","434 NORTON RD, COLUMBUS, OH, 43228","-83.14201293699995,39.94300760100003","635282164","L"
"117","5535 SANDALWOOD BOULEVARD, COLUMBUS, OH, 43229","Match","Exact","5535 SANDALWOOD BLVD, COLUMBUS, OH, 43229","-82.98030274499996,40.079485919000035","218660632","L"
"238","5660 TRABUE ROAD, COLUMBUS, OH, 43228","Match","Exact","5660 TRABUE RD, COLUMBUS, OH, 43228","-83.14969296899994,39.979940353000075","135633789","R"
"118","7171 CENTRAL COLLEGE ROAD, NEW ALBANY, OH, 43054","Match","Exact","7171 CENTRAL COLLEGE RD, NEW ALBANY, OH, 43054","-82.79721732299998,40.09721693300003","218698101","R"
"239","6135 RINGS ROAD, DUBLIN, OH, 43016","Match","Exact","6135 RINGS RD, DUBLIN, OH, 43016","-83.15691295299996,40.08036503900007","218685893","L"
"119","1831 FINLAND AVENUE , COLUMBUS, OH, 43223","Match","Exact","1831 FINLAND AVE, COLUMBUS, OH, 43223","-83.04049741199998,39.91908005500005","135674239","R"
"10","1479 MORSE ROAD, COLUMBUS, OH, 43229","Match","Exact","1479 MORSE RD, COLUMBUS, OH, 43229","-82.98007075499999,40.06065645100006","218695456","R"
"11","1621 FRANCISCO ROAD, COLUMBUS, OH, 43220","Match","Exact","1621 FRANCISCO RD, COLUMBUS, OH, 43220","-83.06419549299994,40.058829898000056","218694975","L"
"12","4388 AVERY ROAD, HILLIARD, OH, 43026","Match","Exact","4388 AVERY RD, HILLIARD, OH, 43026","-83.15693831899995,40.041563229000076","218656047","R"
"13","4900 BRANDONWAY DRIVE, DUBLIN, OH, 43017","Match","Exact","4900 BRANDONWAY DR, DUBLIN, OH, 43017","-83.13470176199996,40.12524914900007","641047432","L"
"14","580 EAST WOODROW AVENUE, COLUMBUS, OH, 43207","Match","Exact","580 E WOODROW AVE, COLUMBUS, OH, 43207","-82.98013264899998,39.92742093100003","135620910","L"
"15","1184 BARNETT ROAD, COLUMBUS, OH, 43227","Match","Exact","1184 BARNETT RD, COLUMBUS, OH, 43227","-82.90607485499999,39.94809187900006","218678762","L"
"16","1780 BARRINGTON ROAD, COLUMBUS, OH, 43221","Match","Exact","1780 BARRINGTON RD, COLUMBUS, OH, 43221","-83.05657843099993,40.000029968000035","218690163","R"
"17","3600 LACON ROAD, HILLIARD, OH, 43026","Match","Exact","3600 LACON RD, HILLIARD, OH, 43026","-83.13428887599997,40.025422658000025","135563261","R"
"18","6100 BEECHCROFT RD, COLUMBUS, OH, 43229","Match","Exact","6100 BEECHCROFT RD, COLUMBUS, OH, 43229","-82.96553575799999,40.09317385600008","218662299","R"
"19","280 MORSE ROAD, COLUMBUS, OH, 43214","Match","Exact","280 MORSE RD, COLUMBUS, OH, 43214","-83.01284050699996,40.062245043000075","218658801","L"
"240","3220 COLUMBUS STREET, GROVE CITY, OH, 43123","Match","Exact","3220 COLUMBUS ST, GROVE CITY, OH, 43123","-83.08936378999994,39.88193647600008","218641641","R"
"120","470 HAVENS CORNERS ROAD, GAHANNA, OH, 43230","Match","Exact","470 HAVENS CORNERS RD, GAHANNA, OH, 43230","-82.86442520599996,40.01827783400006","218683504","L"
"241","4456 MORSE ROAD, GAHANNA, OH, 43230","Match","Exact","4456 MORSE RD, GAHANNA, OH, 43230","-82.87406733099994,40.05578773600007","642843531","R"
"121","310 GRANVILLE STREET, GAHANNA, OH, 43230","Match","Exact","310 GRANVILLE ST, GAHANNA, OH, 43230","-82.87015811799995,40.01851080400007","218655670","L"
"242","4131 CLIME ROAD, COLUMBUS, OH, 43228","Match","Exact","4131 CLIME RD, COLUMBUS, OH, 43228","-83.10870354099995,39.93143520800004","135673590","L"
"1","2855 EAST LIVINGSTON AVENUE, COLUMBUS, OH, 43209","Match","Exact","2855 E LIVINGSTON AVE, COLUMBUS, OH, 43209","-82.92079240099997,39.94711392600004","135591272","R"
"122","335 WEST JOHNSTOWN ROAD, GAHANNA, OH, 43230","Match","Exact","335 W JOHNSTOWN RD, GAHANNA, OH, 43230","-82.89022419299994,40.01595002600004","135779426","L"
"243","1500 EAST SEVENTEENTH AVENUE, COLUMBUS, OH, 43219","Match","Exact","1500 E 17TH AVE, COLUMBUS, OH, 43219","-82.96926951699999,40.00007787800007","218653065","L"
"2","5101 JOHNSTOWN ROAD, NEW ALBANY, OH, 43054","Match","Non_Exact","5101 E JOHNSTOWN RD, NEW ALBANY, OH, 43054","-82.83473634899997,40.059415200000046","135782730","L"
"123","122 GALLOWAY ROAD, GALLOWAY, OH, 43119","Match","Exact","122 GALLOWAY RD, GALLOWAY, OH, 43119","-83.15437278399997,39.94861999600005","218698499","L"
"244","5862 SINCLAIR ROAD, COLUMBUS, OH, 43229","Match","Exact","5862 SINCLAIR RD, COLUMBUS, OH, 43229","-82.99756300999996,40.08405086500005","218660518","R"
"3","3857 ALUM CREEK DRIVE, COLUMBUS, OH, 43207","Match","Exact","3857 ALUM CREEK DR, COLUMBUS, OH, 43207","-82.93026184799999,39.889466973000026","135713499","R"
"124","5336 GENDER ROAD, CANAL WINCHESTER, OH, 43110","Match","Exact","5336 GENDER RD, CANAL WINCHESTER, OH, 43110","-82.82646265899996,39.873015354000074","218554567","L"
"245","760 WORTHINGTON WOODS BOULEVARD, WORTHINGTON, OH, 43085","Match","Exact","760 WORTHINGTON WOODS BLVD, WORTHINGTON, OH, 43085","-82.99685609199997,40.11895948100005","135622541","R"
"4","2255 QUAIL CREEK BVLD, GROVE CITY, OH, 43123","Match","Non_Exact","2255 QUAIL CREEK BLVD, GROVE CITY, OH, 43123","-83.06510590299996,39.841523478000056","218639161","R"
"125","220 CLIFFSIDE DRIVE, COLUMBUS, OH, 43202","Match","Exact","220 CLIFFSIDE DR, COLUMBUS, OH, 43202","-83.00603417099995,40.018647599000076","135620776","L"
"246","4142 WESTERVILLE ROAD, COLUMBUS, OH, 43224","Match","Exact","4142 WESTERVILLE RD, COLUMBUS, OH, 43224","-82.94064202099997,40.05420623900005","609088702","L"
"5","393 EAST COLLEGE AVENUE, WESTERVILLE, OH, 43081","Match","Exact","393 E COLLEGE AVE, WESTERVILLE, OH, 43081","-82.91616333899998,40.12583011600003","218687767","R"
"126","120 WEST GOODALE STREET, COLUMBUS, OH, 43215","Match","Exact","120 W GOODALE ST, COLUMBUS, OH, 43215","-83.00524054499994,39.97367559800006","218651104","R"
"247","114 MORSE ROAD, COLUMBUS, OH, 43214","Match","Exact","114 MORSE RD, COLUMBUS, OH, 43214","-83.01617526799998,40.062381068000036","218658798","L"
"6","610 LANCASTER AVENUE, REYNOLDSBURG, OH, 43068","Match","Exact","610 LANCASTER AVE, REYNOLDSBURG, OH, 43068","-82.80860523699994,39.969757198000025","135594957","L"
"127","1170 LANCASTER AVENUE, REYNOLDSBURG, OH, 43068","Match","Exact","1170 LANCASTER AVE, REYNOLDSBURG, OH, 43068","-82.80428617499996,39.95944283400007","135595169","L"
"248","1069 JAEGER STREET, COLUMBUS, OH, 43206","Match","Exact","1069 JAEGER ST, COLUMBUS, OH, 43206","-82.99047197399995,39.942208692000065","218646947","R"
"7","925 WEST MAIN STREET, WESTERVILLE, OH, 43081","Match","Exact","925 W MAIN ST, WESTERVILLE, OH, 43081","-82.96084780499996,40.12518270800007","135778771","L"
"128","6000 JOHNSTOWN ROAD, NEW ALBANY, OH, 43054","Match","Non_Exact","6000 E JOHNSTOWN RD, NEW ALBANY, OH, 43054","-82.81667495199997,40.07763132900004","619521814","R"
"249","4343 DUBLIN ROAD, HILLIARD, OH, 43026","Match","Exact","4343 DUBLIN RD, HILLIARD, OH, 43026","-83.10432668499999,40.047626671000046","218692935","L"
"8","6633 DOUBLETREE AVENUE, COLUMBUS, OH, 43229","Match","Exact","6633 DOUBLETREE AVE, COLUMBUS, OH, 43229","-82.98726662499996,40.10082549200007","135569945","L"
"129","100 EAST SCHROCK ROAD, WESTERVILLE, OH, 43081","Match","Exact","100 E SCHROCK RD, WESTERVILLE, OH, 43081","-82.92212169699997,40.10957079900004","218687017","L"
"9","4760 WINCHESTER PIKE, COLUMBUS, OH, 43232","Match","Exact","4760 WINCHESTER PIKE, COLUMBUS, OH, 43232","-82.87198570699996,39.894945464000045","218703640","L"
"20","455 BEECHWOOD ROAD, COLUMBUS, OH, 43213","Match","Exact","455 BEECHWOOD RD, COLUMBUS, OH, 43213","-82.89325150899998,39.96440919100007","135591597","R"
"21","2655 SCOTTWOOD ROAD, COLUMBUS, OH, 43209","Match","Exact","2655 SCOTTWOOD RD, COLUMBUS, OH, 43209","-82.92358771199997,39.93969167800003","135591291","R"
"22","4950 MORSE ROAD, COLUMBUS, OH, 43230","Tie"
"23","1000 NOE BIXBY ROAD, COLUMBUS, OH, 43213","No_Match"
"24","1735 BETHEL RD, COLUMBUS, OH, 43220","Match","Exact","1735 BETHEL RD, COLUMBUS, OH, 43220","-83.06661235199994,40.06398569000004","649632096","L"
"25","1220 BETHEL ROAD, COLUMBUS, OH, 43220","Match","Exact","1220 BETHEL RD, COLUMBUS, OH, 43220","-83.05198334499994,40.06360937300008","218658541","R"
"26","1623 BRICE ROAD, REYNOLDSBURG, OH, 43068","Match","Exact","1623 BRICE RD, REYNOLDSBURG, OH, 43068","-82.82949575499998,39.947068382000054","135594692","R"
"27","1080 BINNS BOULEVARD, COLUMBUS, OH, 43204","Match","Exact","1080 BINNS BLVD, COLUMBUS, OH, 43204","-83.08042378099998,39.93238403500004","218646458","L"
"28","263 CARPENTER STREET, COLUMBUS, OH, 43205","Match","Exact","263 CARPENTER ST, COLUMBUS, OH, 43205","-82.97459844099996,39.959481793000066","135580606","R"
"29","4481 EAST DUBLIN GRANVILLE ROAD, WESTERVILLE, OH, 43081","Match","Exact","4481 E DUBLIN GRANVILLE RD, WESTERVILLE, OH, 43081","-82.87349715399995,40.079412373000025","218661229","R"
"250","5950 SELLS MILL DRIVE, DUBLIN, OH, 43017","Match","Exact","5950 SELLS MILL DR, DUBLIN, OH, 43017","-83.15101337499993,40.11551192400003","641095836","L"
"130","3950 SUMMIT VIEW RD, DUBLIN, OH, 43016","Match","Exact","3950 SUMMIT VIEW RD, DUBLIN, OH, 43016","-83.09544331999996,40.13193511900005","218664511","R"
"251","1520 DAVIDSON DRIVE, REYNOLDSBURG, OH, 43068","Match","Exact","1520 DAVIDSON DR, REYNOLDSBURG, OH, 43068","-82.80545698899994,39.95340990100004","218680454","L"
"131","1226 SHADY LANE ROAD, COLUMBUS, OH, 43227","Match","Exact","1226 SHADY LANE RD, COLUMBUS, OH, 43227","-82.87103374099996,39.950678476000064","640030513","L"
"252","95 E WILSON BRIDGE RD, WORTHINGTON, OH, 43085","Match","Exact","95 E WILSON BRIDGE RD, WORTHINGTON, OH, 43085","-83.01425572499994,40.10931910000005","218697899","R"
"132","1515 GOODALE BOULEVARD, COLUMBUS, OH, 43212","Match","Exact","1515 GOODALE BLVD, COLUMBUS, OH, 43212","-83.04417622699998,39.97669423100007","218689401","L"
"253","850 NORTH NELSON ROAD, COLUMBUS, OH, 43219","Match","Exact","850 N NELSON RD, COLUMBUS, OH, 43219","-82.94112300299997,39.98682669000004","135590370","R"
"133","555 NORTH HIGH STREET, COLUMBUS, OH, 43215","Match","Exact","555 N HIGH ST, COLUMBUS, OH, 43215","-83.00290522499995,39.97353433600006","218651212","L"
"254","7260 SMOKY ROW ROAD, COLUMBUS, OH, 43235","Match","Exact","7260 SMOKY ROW RD, COLUMBUS, OH, 43235","-83.06561155399999,40.11107538500005","135607155","R"
"134","4301 GREENSVIEW DRIVE, COLUMBUS, OH, 43221","Match","Non_Exact","4301 GREENSVIEW DR, COLUMBUS, OH, 43220","-83.05799069899996,40.04506596900006","135563089","L"
"255","2365 MIDDLEHURST DRIVE, COLUMBUS, OH, 43219","Match","Exact","2365 MIDDLEHURST DR, COLUMBUS, OH, 43219","-82.94583630199998,40.00617514600003","135578826","R"
"135","777 HIGH ST., WORTHINGTON, OH, 43085","Match","Non_Exact","777 N HIGH ST, WORTHINGTON, OH, 43085","-83.01812409599995,40.089549917000056","135604029","L"
"256","4750 BIG RUN SOUTH ROAD, GROVE CITY, OH, 43123","Match","Exact","4750 BIG RUN SOUTH RD, GROVE CITY, OH, 43123","-83.11626034999995,39.89407667200004","218674731","R"
"136","4665 HOOVER ROAD, GROVE CITY, OH, 43123","Match","Exact","4665 HOOVER RD, GROVE CITY, OH, 43123","-83.07057757999996,39.86910078200003","135769396","R"
"257","3500 FIRST AVENUE, GROVE CITY, OH, 43123","Match","Exact","3500 1ST AVE, GROVE CITY, OH, 43123","-83.08504066999996,39.89957521900004","642841732","L"
"137","2684 COLUMBUS STREET, GROVE CITY, OH, 43123","Match","Exact","2684 COLUMBUS ST, GROVE CITY, OH, 43123","-83.07462898499995,39.88136090900008","218641767","R"
"258","1500 SOUTH FOURTH STREET, COLUMBUS, OH, 43207","No_Match"
"138","7370 GROVEPORT ROAD, GROVEPORT, OH, 43125","No_Match"
"259","145 SOUTH CENTRAL AVENUE, COLUMBUS, OH, 43222","Match","Exact","145 S CENTRAL AVE, COLUMBUS, OH, 43222","-83.03760887699997,39.95467212500006","218679964","R"
"139","6400 LOCKBOURNE ROAD, LOCKBOURNE, OH, 43137","Match","Exact","6400 LOCKBOURNE RD, LOCKBOURNE, OH, 43137","-82.97191037899995,39.83322504200004","218639359","L"
"30","1280 BRENTNELL AVENUE, COLUMBUS, OH, 43219","Match","Exact","1280 BRENTNELL AVE, COLUMBUS, OH, 43219","-82.94956774299999,39.99522983600008","218653169","R"
"31","3160 BRICE ROAD, BRICE, OH, 43109","Match","Non_Exact","3160 BRICE RD, CANAL WINCHESTER, OH, 43110","-82.83251698899994,39.91382070000003","637309589","L"
"32","3231 BRIGGS ROAD, COLUMBUS, OH, 43204","Match","Exact","3231 BRIGGS RD, COLUMBUS, OH, 43204","-83.08339292699998,39.93216763700008","640031634","L"
"33","4501 BRITTON ROAD, HILLIARD, OH, 43026","Match","Exact","4501 BRITTON RD, HILLIARD, OH, 43026","-83.13433638199996,40.05128635700004","218657893","L"
"34","760 EAST BROAD STREET, COLUMBUS, OH, 43205","Match","Exact","760 E BROAD ST, COLUMBUS, OH, 43205","-82.98007237599995,39.964634809000074","218680164","L"
"35","501 EAST BROAD STREET, COLUMBUS, OH, 43215","Match","Exact","501 E BROAD ST, COLUMBUS, OH, 43215","-82.98522582099997,39.96393054500004","135579322","R"
"36","2494 WALKER ROAD, HILLIARD, OH, 43026","Match","Exact","2494 WALKER RD, HILLIARD, OH, 43026","-83.20202236899996,39.99972672900003","218689699","L"
"37","3880 REED ROAD, COLUMBUS, OH, 43220","Match","Exact","3880 REED RD, COLUMBUS, OH, 43220","-83.06655323499996,40.03554443100006","218656540","R"
"38","1528 LONDON GROVEPORT ROAD, GROVE CITY, OH, 43123","Match","Exact","1528 LONDON GROVEPORT RD, GROVE CITY, OH, 43123","-83.04711674899994,39.82796375700008","218638160","R"
"39","2525 HOLTON ROAD, GROVE CITY, OH, 43123","Match","Exact","2525 HOLTON RD, GROVE CITY, OH, 43123","-83.06844818499997,39.85540073900006","640027271","L"
"260","4700 STILES AVENUE, COLUMBUS, OH, 43228","Match","Exact","4700 STILES AVE, COLUMBUS, OH, 43228","-83.12564045199997,39.94706256100005","218645944","R"
"140","1861 GANTZ ROAD, GROVE CITY, OH, 43123","Match","Exact","1861 GANTZ RD, GROVE CITY, OH, 43123","-83.04866427399998,39.91789277000004","218676565","R"
"261","485 CHERRY BOTTOM ROAD, GAHANNA, OH, 43230","Match","Exact","485 CHERRY BOTTOM RD, GAHANNA, OH, 43230","-82.87542252699996,40.03067219700006","218655689","L"
"141","8075 DELLINGER ROAD, GALLOWAY, OH, 43119","Match","Exact","8075 DELLINGER RD, GALLOWAY, OH, 43119","-83.22278295799998,39.97128972100006","218680528","L"
"262","745 PLEASANT RIDGE AVENUE, COLUMBUS, OH, 43209","Match","Exact","745 PLEASANT RIDGE AVE, COLUMBUS, OH, 43209","-82.93646835599998,39.95367348800005","218649583","R"
"142","1850 HASTINGS LANE, COLUMBUS, OH, 43220","Match","Exact","1850 HASTINGS LN, COLUMBUS, OH, 43220","-83.06699741299997,40.03249955500007","135565177","R"
"263","1850 SUTTER PARKWAY, POWELL, OH, 43065","Match","Exact","1850 SUTTER PKWY, POWELL, OH, 43065","-83.06529142199997,40.11994776300003","218663500","R"
"143","575 OBETZ ROAD, COLUMBUS, OH, 43207","Match","Exact","575 OBETZ RD, COLUMBUS, OH, 43207","-82.98712876299999,39.87853383700008","135713222","R"
"264","5089 JOHNSTOWN ROAD, NEW ALBANY, OH, 43054","Match","Non_Exact","5089 E JOHNSTOWN RD, NEW ALBANY, OH, 43054","-82.83514036699995,40.059129659000064","646879960","L"
"144","2500 WEST BROAD STREET, COLUMBUS, OH, 43204","Match","Exact","2500 W BROAD ST, COLUMBUS, OH, 43204","-83.06698660199999,39.95533976200005","135567090","R"
"265","7200 COFFMAN ROAD, DUBLIN, OH, 43017","Match","Exact","7200 COFFMAN RD, DUBLIN, OH, 43017","-83.13194960999994,40.11566553700004","218548385","R"
"145","4300 AVERY ROAD, HILLIARD, OH, 43026","Match","Exact","4300 AVERY RD, HILLIARD, OH, 43026","-83.15653703299995,40.03880576500006","218656046","R"
"266","3500 MILL RUN DRIVE, HILLIARD, OH, 43026","Match","Exact","3500 MILL RUN DR, HILLIARD, OH, 43026","-83.11883399899995,40.02552664500007","637616339","L"
"146","3340 HILLIARD ROME ROAD, HILLIARD, OH, 43026","Match","Exact","3340 HILLIARD ROME RD, HILLIARD, OH, 43026","-83.15967116899998,40.01989105500007","135559188","R"
"267","751 ROSEHILL ROAD, REYNOLDSBURG, OH, 43068","Match","Exact","751 ROSEHILL RD, REYNOLDSBURG, OH, 43068","-82.81836090899998,39.966402353000035","135601628","R"
"147","3800 MUNICIPAL WAY, HILLIARD, OH, 43026","Match","Exact","3800 MUNICIPAL WAY, HILLIARD, OH, 43026","-83.15102187799994,40.02980462200003","218690946","R"
"268","867 MOUNT VERNON AVENUE, COLUMBUS, OH, 43203","Match","Exact","867 MOUNT VERNON AVE, COLUMBUS, OH, 43203","-82.97970205499996,39.97094632200003","135579500","R"
"148","3600 LEAP ROAD, HILLIARD, OH, 43026","Match","Exact","3600 LEAP RD, HILLIARD, OH, 43026","-83.13890539599998,40.02601899100006","641105546","R"
"269","60 COLLEGE VIEW RD., WESTERVILLE, OH, 43081","Match","Exact","60 COLLEGEVIEW RD, WESTERVILLE, OH, 43081","-82.94368963899996,40.122626740000044","218698325","L"
"149","5600 SCIOTO DARBY ROAD, HILLIARD, OH, 43026","Match","Exact","5600 SCIOTO DARBY RD, HILLIARD, OH, 43026","-83.16389648799998,40.030213513000035","218682342","R"
"40","1290 COMMUNITY PARK DRIVE, COLUMBUS, OH, 43231","Match","Non_Exact","1290 COMMUNITY PARK DR, COLUMBUS, OH, 43229","-82.95518742699994,40.10083812100004","218662366","R"
"41","4770 BURBANK DRIVE, COLUMBUS, OH, 43220","Match","Exact","4770 BURBANK DR, COLUMBUS, OH, 43220","-83.08301217899998,40.05207844100005","135562397","R"
"42","122 WASHINGTON STREEET, CANAL WINCHESTER, OH, 43110","Match","Non_Exact","122 WASHINGTON ST, CANAL WINCHESTER, OH, 43110","-82.80897646399995,39.84030694200004","218639588","R"
"43","464 RATHMELL ROAD, LOCKBOURNE, OH, 43137","Match","Exact","464 RATHMELL RD, LOCKBOURNE, OH, 43137","-82.99161400999998,39.86223572100005","633180574","L"
"44","4900 SAWMILL ROAD, COLUMBUS, OH, 43235","Match","Exact","4900 SAWMILL RD, COLUMBUS, OH, 43235","-83.09297502799996,40.06804641400004","218694641","R"
"45","2048 DENUNE AVENUE, COLUMBUS, OH, 43211","Match","Exact","2048 DENUNE AVE, COLUMBUS, OH, 43211","-82.95601889299996,40.02173577900004","135711215","L"
"46","620 MCCUTCHEON ROAD, GAHANNA, OH, 43230","No_Match"
"47","1955 FRANK ROAD, COLUMBUS, OH, 43223","Match","Exact","1955 FRANK RD, COLUMBUS, OH, 43223","-83.05434481799995,39.919810581000036","218676467","L"
"48","4500 BIG RUN SOUTH ROAD, GROVE CITY, OH, 43123","Match","Exact","4500 BIG RUN SOUTH RD, GROVE CITY, OH, 43123","-83.11160652599995,39.895608992000064","218674741","R"
"49","522 CHERRINGTON ROAD, WESTERVILLE, OH, 43081","Match","Exact","522 CHERRINGTON RD, WESTERVILLE, OH, 43081","-82.90853609799996,40.113222490000055","218687812","L"
"270","3220 LOWELL DR., COLUMBUS, OH, 43204","Match","Exact","3220 LOWELL DR, COLUMBUS, OH, 43204","-83.09211552199997,39.97324882600003","218484562","L"
"150","4681 LEAP ROAD, HILLIARD, OH, 43026","Match","Exact","4681 LEAP RD, HILLIARD, OH, 43026","-83.14109388399999,40.047837310000034","608547338","L"
"271","4671 TUTTLE ROAD, DUBLIN, OH, 43017","Match","Exact","4671 TUTTLE RD, DUBLIN, OH, 43017","-83.11843590099994,40.07797954100005","641097108","L"
"151","4301 HOFFMAN FARMS DR, HILLIARD, OH, 43026","Match","Exact","4301 HOFFMAN FARMS DR, HILLIARD, OH, 43026","-83.17406412899999,40.03877511300004","218655928","R"
"272","300 WEST DUBLIN GRANVILLE ROAD, WORTHINGTON, OH, 43085","Match","Exact","300 W DUBLIN GRANVILLE RD, WORTHINGTON, OH, 43085","-83.02456217199995,40.089147867000065","218686107","R"
"152","2001 NORTHWEST BOULEVARD, COLUMBUS, OH, 43212","Match","Exact","2001 NORTHWEST BLVD, COLUMBUS, OH, 43212","-83.05153151799999,39.99792597600003","218652496","L"
"273","1189 DENNISON AVENUE, COLUMBUS, OH, 43201","Match","Exact","1189 DENNISON AVE, COLUMBUS, OH, 43201","-83.00836224199998,39.98707094700006","135575272","L"
"153","6000 RENNER ROAD, COLUMBUS, OH, 43228","Match","Exact","6000 RENNER RD, COLUMBUS, OH, 43228","-83.16516152899999,39.98290577400007","218650240","R"
"274","2900 TREMONT ROAD, COLUMBUS, OH, 43221","Match","Exact","2900 TREMONT RD, COLUMBUS, OH, 43221","-83.06632336699994,40.015006490000076","218654361","R"
"154","1160 WATKINS ROAD, COLUMBUS, OH, 43207","Match","Exact","1160 WATKINS RD, COLUMBUS, OH, 43207","-82.96465659199998,39.90523724700006","218643647","L"
"275","1581 CAMBRIDGE BLVD, COLUMBUS, OH, 43212","Match","Exact","1581 CAMBRIDGE BLVD, COLUMBUS, OH, 43212","-83.05778150799995,39.98882305800004","218681000","L"
"155","3360 PATRIOT BLVD., COLUMBUS, OH, 43219","Match","Exact","3360 PATRIOT BLVD, COLUMBUS, OH, 43219","-82.92869871899995,40.042736681000065","642843368","L"
"276","240 WEST OAKLAND AVENUE, COLUMBUS, OH, 43201","Match","Non_Exact","240 E OAKLAND AVE, COLUMBUS, OH, 43201","-83.00389792799996,40.008882001000075","218681922","L"
"156","1545 HUY ROAD, COLUMBUS, OH, 43224","Match","Exact","1545 HUY RD, COLUMBUS, OH, 43224","-82.97273903699994,40.03545065000003","648312238","L"
"277","1731 GREENWAY AVENUE, COLUMBUS, OH, 43203","Match","Exact","1731 GREENWAY AVE, COLUMBUS, OH, 43203","-82.95575479299998,39.97391569700005","218651417","R"
"157","6305 BRAND ROAD, DUBLIN, OH, 43017","Match","Non_Exact","6305 BRAND RD, DUBLIN, OH, 43016","-83.15177698199994,40.12792256300003","218698170","L"
"278","6969 EAST LIVINGSTON AVENUE, REYNOLDSBURG, OH, 43068","Match","Exact","6969 E LIVINGSTON AVE, REYNOLDSBURG, OH, 43068","-82.81114852999997,39.945732485000065","135595222","R"
"158","6767 GENDER ROAD, CANAL WINCHESTER, OH, 43110","No_Match"
"279","1625 ZOLLINGER ROAD, UPPER ARLINGTON, OH, 43221","Match","Exact","1625 ZOLLINGER RD, UPPER ARLINGTON, OH, 43221","-83.05485019899999,40.018908870000075","218682760","L"
"159","2141 INDIANOLA AVENUE, COLUMBUS, OH, 43201","Match","Exact","2141 INDIANOLA AVE, COLUMBUS, OH, 43201","-83.00288210299999,40.006836589000045","218681926","L"
"50","1480 ZETTLER ROAD, COLUMBUS, OH, 43227","Match","Exact","1480 ZETTLER RD, COLUMBUS, OH, 43227","-82.91098208499994,39.94094582800005","218647439","L"
"51","5586 OLENTANGY RIVER RD, COLUMBUS, OH, 43235","Match","Exact","5586 OLENTANGY RIVER RD, COLUMBUS, OH, 43235","-83.03914597599999,40.07454473800004","636561767","R"
"52","5755 FEDER ROAD, COLUMBUS, OH, 43228","Match","Exact","5755 FEDER RD, COLUMBUS, OH, 43228","-83.15608106699995,39.97330896500006","218688960","L"
"53","6176 SHARON WOODS BOULEVARD, COLUMBUS, OH, 43229","Match","Exact","6176 SHARON WOODS BLVD, COLUMBUS, OH, 43229","-82.96757583499993,40.094100034000064","135570433","R"
"54","2600 MCCUTCHEON ROAD, COLUMBUS, OH, 43219","Match","Exact","2600 MCCUTCHEON RD, COLUMBUS, OH, 43219","-82.91478087099995,40.03360029000004","628001181","L"
"55","235 MCNAUGHTEN ROAD, COLUMBUS, OH, 43213","Match","Exact","235 MCNAUGHTEN RD, COLUMBUS, OH, 43213","-82.83665919399994,39.97531633400007","641137832","R"
"56","1150 WEST FIFTH AVENUE, COLUMBUS, OH, 43212","Match","Exact","1150 W 5TH AVE, COLUMBUS, OH, 43212","-83.03677486299995,39.988465940000026","135572722","R"
"57","999 CHAMBERS ROAD, COLUMBUS, OH, 43212","Match","Exact","999 CHAMBERS RD, COLUMBUS, OH, 43212","-83.03254494299995,39.99233323000004","637439938","L"
"58","499 EAST WEISHEIMER ROAD, COLUMBUS, OH, 43214","Match","Exact","499 E WEISHEIMER RD, COLUMBUS, OH, 43214","-83.00644276199995,40.054665122000074","218697013","R"
"59","775 GALLOWAY ROAD, GALLOWAY, OH, 43119","Match","Exact","775 GALLOWAY RD, GALLOWAY, OH, 43119","-83.15835151299996,39.93559861800003","637505469","R"
"280","345 EAST SECOND AVE, COLUMBUS, OH, 43201","Match","Exact","345 E 2ND AVE, COLUMBUS, OH, 43201","-82.99473942899994,39.98212531200005","135707994","R"
"160","3859 MAIN STREET, HILLIARD, OH, 43026","Match","Exact","3859 MAIN ST, HILLIARD, OH, 43026","-83.16148266399995,40.03103459600004","649632909","L"
"281","4175 ALUM CREEK DRIVE, COLUMBUS, OH, 43207","Match","Exact","4175 ALUM CREEK DR, COLUMBUS, OH, 43207","-82.93079428899995,39.882973356000036","637335374","R"
"161","4790 CEMETERY ROAD, HILLIARD, OH, 43026","Match","Exact","4790 CEMETERY RD, HILLIARD, OH, 43026","-83.14421753999994,40.03138113000006","218692709","R"
"282","6000 COOPER ROAD, WESTERVILLE, OH, 43081","Match","Exact","6000 COOPER RD, WESTERVILLE, OH, 43081","-82.93478508899994,40.093669297000076","218697940","R"
"162","2271 HOLTON ROAD, GROVE CITY, OH, 43123","Match","Exact","2271 HOLTON RD, GROVE CITY, OH, 43123","-83.05921276199996,39.85509839400004","647783840","L"
"283","360 SOUTH WAGGONER ROAD , REYNOLDSBURG, OH, 43068","Match","Non_Exact","360 WAGGONER RD, REYNOLDSBURG, OH, 43068","-82.79125714699995,39.984245748000035","135618915","L"
"163","3756 HOOVER ROAD, GROVE CITY, OH, 43123","Match","Exact","3756 HOOVER RD, GROVE CITY, OH, 43123","-83.06911389399994,39.88653788600004","218642080","L"
"284","600 WEST JOHNSTOWN ROAD, GAHANNA, OH, 43230","Match","Non_Exact","600 E JOHNSTOWN RD, GAHANNA, OH, 43230","-82.86856112499999,40.034217984000065","218684629","R"
"164","2100 ARLINGTON AVENUE, COLUMBUS, OH, 43221","No_Match"
"285","2500 WATER'S EDGE BOULEVARD, COLUMBUS, OH, 43209","Match","Exact","2500 WATERS EDGE BLVD, COLUMBUS, OH, 43209","-82.92790981099995,39.92920981300006","644882971","R"
"165","5750 KARL ROAD, COLUMBUS, OH, 43229","Match","Exact","5750 KARL RD, COLUMBUS, OH, 43229","-82.97551095799997,40.08322703600004","218660640","R"
"286","1520 WATKINS RD, COLUMBUS, OH, 43207","Match","Exact","1520 WATKINS RD, COLUMBUS, OH, 43207","-82.95376337999994,39.90471190400007","218643696","L"
"166","299 KING AVENUE, COLUMBUS, OH, 43201","Match","Exact","299 KING AVE, COLUMBUS, OH, 43201","-83.01375672299997,39.99037589000005","135573643","L"
"287","2935 BULEN AVENUE, COLUMBUS, OH, 43207","Match","Exact","2935 BULEN AVE, COLUMBUS, OH, 43207","-82.95613907099994,39.90599935800003","218675316","R"
"167","8140 SANCUS BOULEVARD, WESTERVILLE, OH, 43081","Match","Exact","8140 SANCUS BLVD, WESTERVILLE, OH, 43081","-82.99073614299994,40.13180879500004","135623403","R"
"288","390 EAST COLLEGE AVE, WESTERVILLE, OH, 43081","Match","Exact","390 E COLLEGE AVE, WESTERVILLE, OH, 43081","-82.91625780499999,40.12594885300007","218687767","L"
"168","1677 SOUTH HAMILTON ROAD, COLUMBUS, OH, 43227","Match","Exact","1677 S HAMILTON RD, COLUMBUS, OH, 43227","-82.87834872199994,39.940455436000036","642841536","R"
"289","455 SOUTH WESTGATE AVENUE, COLUMBUS, OH, 43204","Match","Exact","455 S WESTGATE AVE, COLUMBUS, OH, 43204","-83.08144833499995,39.945151390000035","218677940","R"
"169","2901 WHITLOW ROAD, COLUMBUS, OH, 43232","Match","Exact","2901 WHITLOW RD, COLUMBUS, OH, 43232","-82.85185343199998,39.91799553200008","218645412","L"
"60","3201 ALLEGHENY AVE., COLUMBUS, OH, 43209","Match","Exact","3201 ALLEGHENY AVE, COLUMBUS, OH, 43209","-82.91776808699996,39.98053917900006","135590775","R"
"61","2632 MCGUFFEY ROAD, COLUMBUS, OH, 43211","Match","Exact","2632 MCGUFFEY RD, COLUMBUS, OH, 43211","-82.98144784399994,40.019231485000034","218692027","R"
"62","2300 NORTH CASSADY AVE, COLUMBUS, OH, 43219","Match","Exact","2300 N CASSADY AVE, COLUMBUS, OH, 43219","-82.92870987899994,40.01956686900007","642841955","R"
"63","1390 BRYDEN ROAD, COLUMBUS, OH, 43205","Match","Exact","1390 BRYDEN RD, COLUMBUS, OH, 43205","-82.96258383499998,39.96039892500005","218649456","L"
"64","1055 COLONY DRIVE, WESTERVILLE, OH, 43081","Match","Exact","1055 COLONY DR, WESTERVILLE, OH, 43081","-82.90185736299998,40.097987929000055","218698033","R"
"65","35 OAKLAND PARK AVENUE, COLUMBUS, OH, 43214","Match","Exact","35 OAKLAND PARK AVE, COLUMBUS, OH, 43214","-83.01417166099998,40.03316178600005","218684236","R"
"66","3330 CHIPPEWA ST. , COLUMBUS, OH, 43204","Match","Exact","3330 CHIPPEWA ST, COLUMBUS, OH, 43204","-83.09226418499998,39.98576505600005","637447461","R"
"67","1100 HIGH STREET, HARRISBURG, OH, 43126","Match","Exact","1100 HIGH ST, HARRISBURG, OH, 43126","-83.17109544399995,39.81160075400004","135560105","L"
"68","2767 EAST BROAD STREET, COLUMBUS, OH, 43209","Match","Exact","2767 E BROAD ST, COLUMBUS, OH, 43209","-82.92642834499998,39.97053847700005","135590796","R"
"69","3161 EAST FIFTH AVE, COLUMBUS, OH, 43219","Match","Exact","3161 E 5TH AVE, COLUMBUS, OH, 43219","-82.91960137399997,39.984649982000064","218651556","R"
"290","146 GALLOWAY ROAD, GALLOWAY, OH, 43119","Match","Exact","146 GALLOWAY RD, GALLOWAY, OH, 43119","-83.15446530899999,39.94831623600004","218698499","L"
"170","2223 CLEVELAND AVENUE, COLUMBUS, OH, 43211","Match","Exact","2223 CLEVELAND AVE, COLUMBUS, OH, 43211","-82.96797677199999,40.01285764100004","135578251","L"
"291","3923 NORTH HIGH STREET, COLUMBUS, OH, 43214","Match","Exact","3923 N HIGH ST, COLUMBUS, OH, 43214","-83.01874904999994,40.04209778300003","218684153","L"
"171","1350 BRIARWOOD AVE, COLUMBUS, OH, 43211","Match","Exact","1350 BRIARWOOD AVE, COLUMBUS, OH, 43211","-82.97297902899999,40.01674636800004","218655139","L"
"292","4924 ETNA RD. , COLUMBUS, OH, 43213","Match","Exact","4924 ETNA RD, COLUMBUS, OH, 43213","-82.86799155099999,39.963930789000074","135593079","L"
"172","2626 CLEVELAND AVE, COLUMBUS, OH, 43211","Match","Exact","2626 CLEVELAND AVE, COLUMBUS, OH, 43211","-82.96479262999998,40.02088642100006","135578222","R"
"293","525 BERNHARD ROAD, COLUMBUS, OH, 43213","Match","Exact","525 BERNHARD RD, COLUMBUS, OH, 43213","-82.87998997599999,39.964292310000076","135592969","R"
"173","1390 CLEVELAND AVENUE, COLUMBUS, OH, 43211","Match","Exact","1390 CLEVELAND AVE, COLUMBUS, OH, 43211","-82.98162393699994,39.99368040400003","218485925","R"
"294","675 SOUTH YEARLING ROAD, COLUMBUS, OH, 43213","Match","Exact","675 S YEARLING RD, COLUMBUS, OH, 43213","-82.88602043999998,39.96035332300005","218649833","R"
"174","6200 LINWORTH ROAD, WORTHINGTON, OH, 43085","Match","Exact","6200 LINWORTH RD, WORTHINGTON, OH, 43085","-83.04962946599994,40.09255092500007","642177585","R"
"295","130 EAST WALNUT STREET, WESTERVILLE, OH, 43081","Match","Exact","130 E WALNUT ST, WESTERVILLE, OH, 43081","-82.92554262599998,40.12151463300006","616665389","L"
"175","2177 MOCK ROAD, COLUMBUS, OH, 43219","Match","Exact","2177 MOCK RD, COLUMBUS, OH, 43219","-82.95102638999998,40.01152877700008","218655256","R"
"296","6375 GOLDFINCH DRIVE, WESTERVILLE, OH, 43081","Match","Exact","6375 GOLDFINCH DR, WESTERVILLE, OH, 43081","-82.90289638399997,40.08885591000006","218697675","L"
"176","825 E. LIVINGSTON AVE., COLUMBUS, OH, 43205","Match","Exact","825 E LIVINGSTON AVE, COLUMBUS, OH, 43205","-82.97534840299994,39.949879218000035","218678555","R"
"297","1219 EAST TWELFTH AVENUE, COLUMBUS, OH, 43211","Match","Exact","1219 E 12TH AVE, COLUMBUS, OH, 43211","-82.97398176499996,39.99573507100007","135578024","R"
"177","200 EAST LIVINGSTON AVE, COLUMBUS, OH, 43215","Match","Exact","200 E LIVINGSTON AVE, COLUMBUS, OH, 43215","-82.99363407899995,39.952721172000054","135620580","L"
"298","4776 WINTERSET DRIVE, COLUMBUS, OH, 43220","Match","Exact","4776 WINTERSET DR, COLUMBUS, OH, 43220","-83.05766105399994,40.055308351000065","649632079","R"
"178","2480 WEST DUBLIN GRANVILLE ROAD, COLUMBUS, OH, 43235","Match","Exact","2480 W DUBLIN GRANVILLE RD, COLUMBUS, OH, 43235","-83.05599322699999,40.09036953000003","652247647","L"
"299","105 PARK DRIVE, COLUMBUS, OH, 43209","Match","Exact","105 PARK DR, COLUMBUS, OH, 43209","-82.94605952799998,39.96621882300008","218680261","R"
"179","4575 MADISON LANE, GROVEPORT, OH, 43125","Match","Exact","4575 MADISON LN, GROVEPORT, OH, 43125","-82.88267814699998,39.87734448800006","218642829","R"
"70","5100 DIERKER ROAD, COLUMBUS, OH, 43220","Match","Exact","5100 DIERKER RD, COLUMBUS, OH, 43220","-83.07504770999998,40.06115297800005","649632092","R"
"71","2070 RIDGECLIFF ROAD, COLUMBUS, OH, 43221","Match","Exact","2070 RIDGECLIFF RD, COLUMBUS, OH, 43221","-83.06907316599995,40.022983285000066","218654330","R"
"72","908 BRICKER BOULEVARD, COLUMBUS, OH, 43221","Match","Exact","908 BRICKER BLVD, COLUMBUS, OH, 43221","-83.03842658299999,40.023853099000064","218691591","R"
"73","630 WIRT ROAD, GROVEPORT, OH, 43125","Match","Exact","630 WIRT RD, GROVEPORT, OH, 43125","-82.88316137499999,39.85052551700005","218497842","L"
"74","5075 CLEVELAND AVENUE, COLUMBUS, OH, 43231","Match","Exact","5075 CLEVELAND AVE, COLUMBUS, OH, 43231","-82.95192547199997,40.07422265300005","135707156","L"
"75","1100 SOUTH HAGUE AVENUE, COLUMBUS, OH, 43204","Match","Exact","1100 S HAGUE AVE, COLUMBUS, OH, 43204","-83.07575417799995,39.93262246300003","218678092","L"
"76","457 ALTON DARBY CREEK ROAD, GALLOWAY, OH, 43119","Match","Exact","457 ALTON DARBY CREEK RD, GALLOWAY, OH, 43119","-83.16700241399997,39.96032805400006","642841310","L"
"77","6305 PINEFIELD DRIVE, HILLIARD, OH, 43026","Match","Exact","6305 PINEFIELD DR, HILLIARD, OH, 43026","-83.17811159399997,40.01015703100006","646759136","L"
"78","7000 LONDON GROVEPORT ROAD, GROVE CITY, OH, 43123","Match","Exact","7000 LONDON GROVEPORT RD, GROVE CITY, OH, 43123","-83.18700579199998,39.852951285000074","135610636","R"
"79","300 GROVEPORT ROAD, CANAL WINCHESTER, OH, 43110","No_Match"
"180","3901 MAIZE ROAD, COLUMBUS, OH, 43224","Match","Exact","3901 MAIZE RD, COLUMBUS, OH, 43224","-82.98870920999997,40.04432974200006","218693966","L"
"181","4663 TRABUE RD, COLUMBUS, OH, 43228","Tie"
"182","799 EAST WALNUT STREET, WESTERVILLE, OH, 43081","Match","Exact","799 E WALNUT ST, WESTERVILLE, OH, 43081","-82.90110238899996,40.12053650300004","218698367","R"
"183","270 SOUTH HEMPSTEAD ROAD, WESTERVILLE, OH, 43081","Match","Exact","270 S HEMPSTEAD RD, WESTERVILLE, OH, 43081","-82.89562107599994,40.11538408000007","218687837","R"
"184","2435 EAKIN ROAD, COLUMBUS, OH, 43204","Match","Exact","2435 EAKIN RD, COLUMBUS, OH, 43204","-83.06222694999997,39.93642580200003","218678266","L"
"185","6005 ALKIRE ROAD, GALLOWAY, OH, 43119","Match","Exact","6005 ALKIRE RD, GALLOWAY, OH, 43119","-83.14530471999996,39.911217976000046","135635431","L"
"186","1200 SOUTH  WAGGONER ROAD, REYNOLDSBURG, OH, 43068","Match","Non_Exact","1200 WAGGONER RD, REYNOLDSBURG, OH, 43068","-82.79353972699994,39.95888796400004","647807734","L"
"187","862 EAST SECOND AVE, COLUMBUS, OH, 43201","Match","Exact","862 E 2ND AVE, COLUMBUS, OH, 43201","-82.98209631399999,39.98153295900005","218681227","L"
"188","1393 EAST BROAD STREET, COLUMBUS, OH, 43205","Match","Exact","1393 E BROAD ST, COLUMBUS, OH, 43205","-82.96440782599996,39.966334577000055","218680221","R"
"189","2555 EAST MAIN STREET, COLUMBUS, OH, 43209","Match","Exact","2555 E MAIN ST, COLUMBUS, OH, 43209","-82.93093178899994,39.95694531000004","135591070","R"
"80","2400 SUTTER PARKWAY, DUBLIN, OH, 43017","Match","Non_Exact","2400 SUTTER PKWY, DUBLIN, OH, 43016","-83.07962496899995,40.119580350000035","135561356","R"
"81","3919 BRICE ROAD, CANAL WINCHESTER, OH, 43110","Match","Exact","3919 BRICE RD, CANAL WINCHESTER, OH, 43110","-82.83441077299995,39.89515465300008","642841880","R"
"82","2900 MARTIN ROAD, DUBLIN, OH, 43017","Match","Exact","2900 MARTIN RD, DUBLIN, OH, 43017","-83.09477196699999,40.09472058400007","218696003","R"
"83","667 SULLIVANT AVENUE, COLUMBUS, OH, 43215","Match","Exact","667 SULLIVANT AVE, COLUMBUS, OH, 43215","-83.01527475599994,39.95424953400004","135576302","L"
"84","1100 RHOADS AVENUE, COLUMBUS, OH, 43206","Match","Exact","1100 RHOADS AVE, COLUMBUS, OH, 43206","-82.94966386299996,39.94434318200007","135582192","L"
"85","5200 EMERALD PARKWAY, DUBLIN, OH, 43017","No_Match"
"86","81 WEST BRIDGE STREET, DUBLIN, OH, 43017","Match","Exact","81 W BRIDGE ST, DUBLIN, OH, 43017","-83.11604779499999,40.09922880600004","641103203","L"
"87","5600 POST ROAD, DUBLIN, OH, 43017","Match","Exact","5600 POST RD, DUBLIN, OH, 43017","-83.13660690499995,40.10380513000007","218697823","R"
"88","75 NORTH HIGH STREET, DUBLIN, OH, 43017","Match","Exact","75 N HIGH ST, DUBLIN, OH, 43017","-83.11412758699998,40.10087172500005","640027989","L"
"89","4000 HARD ROAD, DUBLIN, OH, 43016","Match","Exact","4000 HARD RD, DUBLIN, OH, 43016","-83.10044991099994,40.11999153900007","635282179","R"
"190","608 STAMBAUGH AVENUE, COLUMBUS, OH, 43207","Match","Exact","608 STAMBAUGH AVE, COLUMBUS, OH, 43207","-82.97835572599996,39.91837764300004","218676683","L"
"191","428 EAST MAIN STREET, COLUMBUS, OH, 43215","Match","Exact","428 E MAIN ST, COLUMBUS, OH, 43215","-82.98779856299996,39.95753924500008","135579954","L"
"192","1147 MOUNT VERNON AVENUE, COLUMBUS, OH, 43203","Match","Exact","1147 MOUNT VERNON AVE, COLUMBUS, OH, 43203","-82.97159332899997,39.97238229800007","218651320","R"
"193","2201 FRED TAYLOR DRIVE, COLUMBUS, OH, 43210","Match","Exact","2201 FRED TAYLOR DR, COLUMBUS, OH, 43210","-83.02784457499996,40.006530455000075","218698653","L"
"194","3420 PETZINGER ROAD, COLUMBUS, OH, 43232","Match","Exact","3420 PETZINGER RD, COLUMBUS, OH, 43232","-82.90200277199995,39.92815788100006","218676927","L"
"195","2100 REYNOLDSBURG NEW ALBANY ROAD, BLACKLICK, OH, 43004","Match","Exact","2100 REYNOLDSBURG NEW ALBANY RD, BLACKLICK, OH, 43004","-82.81471618999996,40.02706961700005","635591367","R"
"196","5441 SUNBURY ROAD, GAHANNA, OH, 43230","Match","Exact","5441 SUNBURY RD, GAHANNA, OH, 43230","-82.90909682799997,40.06832236900004","647792671","L"
"197","3690 NORTH STYGLER ROAD, GAHANNA, OH, 43230","Match","Non_Exact","3690 STYGLER RD N, GAHANNA, OH, 43230","-82.88895505599999,40.04574569000005","635207382","R"
"198","5001 WILCOX ROAD, DUBLIN, OH, 43017","Match","Non_Exact","5001 WILCOX RD, DUBLIN, OH, 43016","-83.14872897999999,40.06525328200007","624421532","L"
"199","2040 WEST HENDERSON ROAD, COLUMBUS, OH, 43220","Match","Exact","2040 W HENDERSON RD, COLUMBUS, OH, 43220","-83.07318217599999,40.05643895600008","218658254","R"
"90","1934 NORTH FOURTH ST, COLUMBUS, OH, 43201","Match","Exact","1934 N 4TH ST, COLUMBUS, OH, 43201","-82.99848863399995,40.002355419000025","218652824","R"
"91","6926 TUSSING ROAD, REYNOLDSBURG, OH, 43068","Match","Exact","6926 TUSSING RD, REYNOLDSBURG, OH, 43068","-82.81523068399997,39.92668796600003","135608479","L"
"92","2505 BRENTNELL BOULEVARD, COLUMBUS, OH, 43211","Match","Exact","2505 BRENTNELL BLVD, COLUMBUS, OH, 43211","-82.94765416299998,40.019240024000055","218567009","L"
"93","1925 STRATFORD WAY, COLUMBUS, OH, 43219","Match","Exact","1925 STRATFORD WAY, COLUMBUS, OH, 43219","-82.94953015199997,39.97577416400003","218689551","R"
"94","4455 SOUTH HAMILTON ROAD, GROVEPORT, OH, 43125","Match","Exact","4455 S HAMILTON RD, GROVEPORT, OH, 43125","-82.88382322499996,39.88052899400003","218642825","R"
"95","3371 NOE BIXBY ROAD, COLUMBUS, OH, 43232","Match","Exact","3371 NOE BIXBY RD, COLUMBUS, OH, 43232","-82.86929596299996,39.90685778900007","218675511","R"
"96","417 SOUTH WEYANT AVENUE, COLUMBUS, OH, 43213","Match","Exact","417 S WEYANT AVE, COLUMBUS, OH, 43213","-82.90774143099998,39.963050242000065","135591495","R"
"97","745 NORTH WAGGONER ROAD, BLACKLICK, OH, 43004","Match","Exact","745 N WAGGONER RD, BLACKLICK, OH, 43004","-82.79128372699995,39.99903316500007","135755768","L"
"98","1045 ROSS ROAD, COLUMBUS, OH, 43227","Match","Exact","1045 ROSS RD, COLUMBUS, OH, 43227","-82.87900343999996,39.953789897000036","135593330","R"
"99","3770 SHATTUCK AVENUE, COLUMBUS, OH, 43220","Match","Exact","3770 SHATTUCK AVE, COLUMBUS, OH, 43220","-83.04128215499998,40.03590939900005","218684087","R"
"300","5147 KARL ROAD, COLUMBUS, OH, 43229","Match","Exact","5147 KARL RD, COLUMBUS, OH, 43229","-82.97652879399999,40.07191381300004","218686209","L"
"301","345 EAST WILSON BRIDGE ROAD, WORTHINGTON, OH, 43085","Match","Exact","345 E WILSON BRIDGE RD, WORTHINGTON, OH, 43085","-83.00432396899998,40.109247253000035","642842291","R"
"302","7400 WORTHINGTON GALENA ROAD, WORTHINGTON, OH, 43085","Match","Exact","7400 WORTHINGTON GALENA RD, WORTHINGTON, OH, 43085","-82.99251146999995,40.114102969000044","218687590","R"
"303","1499 HARD ROAD, COLUMBUS, OH, 43235","Match","Exact","1499 HARD RD, COLUMBUS, OH, 43235","-83.05823257499998,40.11690192200007","627908334","R"
"304","200 E WILSON BRIDGE RD, WORTHINGTON, OH, 43085","Match","Exact","200 E WILSON BRIDGE RD, WORTHINGTON, OH, 43085","-83.01036762099994,40.10959995500008","642842291","L"
"305","600 HIGH STREET, WORTHINGTON, OH, 43085","Match","Non_Exact","600 N HIGH ST, WORTHINGTON, OH, 43085","-83.01821229699993,40.08564163500006","218660407","R"
"306","2335 WEST CASE ROAD, COLUMBUS, OH, 43235","Match","Exact","2335 W CASE RD, COLUMBUS, OH, 43235","-83.07908202099998,40.07309268100005","641700841","L"
"307","5620 DUBLINSHIRE DRIVE, DUBLIN, OH, 43017","Match","Exact","5620 DUBLINSHIRE DR, DUBLIN, OH, 43017","-83.14655445899996,40.12294159700008","650012821","R"
"200","4938 WESTERVILLE ROAD, COLUMBUS, OH, 43231","Match","Exact","4938 WESTERVILLE RD, COLUMBUS, OH, 43231","-82.92858954199994,40.072697592000054","218661001","R"
"201","500 NORTH HAMILTON ROAD, GAHANNA, OH, 43230","Match","Exact","500 N HAMILTON RD, GAHANNA, OH, 43230","-82.86548410199998,40.03076904300008","218683503","R"
"202","1919 NORTHCLIFF DRIVE, COLUMBUS, OH, 43229","Match","Exact","1919 NORTHCLIFF DR, COLUMBUS, OH, 43229","-82.96599926299996,40.072270926000044","135571636","R"
"203","4767 NORTHTOWNE BOULEVARD, COLUMBUS, OH, 43229","Match","Exact","4767 NORTHTOWNE BLVD, COLUMBUS, OH, 43229","-82.95841229999996,40.06646869100007","218659177","L"
"204","6700 RINGS ROAD, DUBLIN, OH, 43016","Match","Exact","6700 RINGS RD, DUBLIN, OH, 43016","-83.17089526199999,40.07737185000008","646804667","R"
"205","1340 FISHINGER ROAD, COLUMBUS, OH, 43221","Match","Exact","1340 FISHINGER RD, COLUMBUS, OH, 43221","-83.04965843299999,40.024094569000056","218654413","R"
"206","4454 DAVIDSON ROAD, HILLIARD, OH, 43026","Match","Exact","4454 DAVIDSON RD, HILLIARD, OH, 43026","-83.13861052899995,40.049491310000064","635591681","R"
"207","5666 OAKMONT DRIVE, COLUMBUS, OH, 43232","Match","Exact","5666 OAKMONT DR, COLUMBUS, OH, 43232","-82.84252642199993,39.937895506000075","218678955","L"
"208","1650 OBETZ AVENUE, COLUMBUS, OH, 43207","Match","Exact","1650 OBETZ AVE, COLUMBUS, OH, 43207","-82.95620774199995,39.878755170000034","135586733","R"
"209","470 GLENMONT AVENUE, COLUMBUS, OH, 43214","Match","Exact","470 GLENMONT AVE, COLUMBUS, OH, 43214","-83.00668005499995,40.044631209000045","218693617","L"
"210","505 S OHIO AVE, COLUMBUS, OH, 43205","Match","Exact","505 S OHIO AVE, COLUMBUS, OH, 43205","-82.97119889099997,39.954391301000044","135580682","R"
"211","1739 NORTH HIGH STREET, COLUMBUS, OH, 43210","Match","Exact","1739 N HIGH ST, COLUMBUS, OH, 43210","-83.00766352599999,39.99762277000008","218652890","L"
"212","2485 OLDE SAWMILL BOULEVARD, DUBLIN, OH, 43016","Match","Exact","2485 OLDE SAWMILL BLVD, DUBLIN, OH, 43016","-83.08186210899999,40.12365544600004","135561338","L"
"213","3205 PARK STREET, GROVE CITY, OH, 43123","Match","Exact","3205 PARK ST, GROVE CITY, OH, 43123","-83.08813082999995,39.88006468700007","218641433","L"
"214","1113 PARSONS AVENUE, COLUMBUS, OH, 43206","Match","Exact","1113 PARSONS AVE, COLUMBUS, OH, 43206","-82.98330216399995,39.94069718500003","135580376","R"
"215","3231 LEE ELLEN PLACE, COLUMBUS, OH, 43207","Match","Exact","3231 LEE ELLEN PL, COLUMBUS, OH, 43207","-82.98938794999998,39.89676422700006","135617220","R"
"216","455 CLARK STATE ROAD, GAHANNA, OH, 43230","Match","Exact","455 CLARK STATE RD, GAHANNA, OH, 43230","-82.86443101999998,40.02470252400008","218692353","R"
"217","2341 SNOUFFER RD., WORTHINGTON, OH, 43085","Match","Exact","2341 SNOUFFER RD, WORTHINGTON, OH, 43085","-83.05446953399996,40.10352091500005","637159690","L"
"218","9500 JOHNSTOWN ROAD, NEW ALBANY, OH, 43054","Match","Non_Exact","9500 E JOHNSTOWN RD, NEW ALBANY, OH, 43054","-82.79705757799996,40.08865624900005","218686564","R"
"219","720 POINTVIEW DRIVE, WESTERVILLE, OH, 43081","Match","Exact","720 POINTVIEW DR, WESTERVILLE, OH, 43081","-82.91362269999996,40.106074859000046","218687056","L"
"220","5955 WEST BROAD STREET, GALLOWAY, OH, 43119","Match","Exact","5955 W BROAD ST, GALLOWAY, OH, 43119","-83.15965996399996,39.95081733600006","218679292","L"
"100","3650 SUNBURY ROAD, COLUMBUS, OH, 43219","Match","Exact","3650 SUNBURY RD, COLUMBUS, OH, 43219","-82.93278216799996,40.03385281200008","218694001","R"
"221","5475 BRAND ROAD, DUBLIN, OH, 43017","Match","Exact","5475 BRAND RD, DUBLIN, OH, 43017","-83.13881376899997,40.123461364000036","218663080","L"
"101","5100 KARL ROAD, COLUMBUS, OH, 43229","Match","Exact","5100 KARL RD, COLUMBUS, OH, 43229","-82.97639210199998,40.07179030100008","135618401","R"
"222","4877 CENTRAL COLLEGE ROAD, WESTERVILLE, OH, 43081","Match","Exact","4877 CENTRAL COLLEGE RD, WESTERVILLE, OH, 43081","-82.85650672499997,40.10025110300006","616828747","R"
"102","3281 MAYFAIR PARK PLACE, COLUMBUS, OH, 43213","Match","Exact","3281 MAYFAIR PARK PL, COLUMBUS, OH, 43213","-82.91180962099997,39.962733677000074","135591486","R"
"223","3228 WESTERVILLE ROAD, COLUMBUS, OH, 43224","Match","Exact","3228 WESTERVILLE RD, COLUMBUS, OH, 43224","-82.95539119099999,40.03355245300003","646315317","R"
"103","4203 ALKIRE RD., GROVE CITY, OH, 43123","Match","Exact","4203 ALKIRE RD, GROVE CITY, OH, 43123","-83.10729100399999,39.913804163000066","637525593","R"
"224","1850 COURTRIGHT ROAD, COLUMBUS, OH, 43227","Match","Exact","1850 COURTRIGHT RD, COLUMBUS, OH, 43227","-82.89780165099995,39.93461810100007","218647603","L"
"104","3607 DEMPSEY ROAD, WESTERVILLE, OH, 43081","Match","Exact","3607 DEMPSEY RD, WESTERVILLE, OH, 43081","-82.91497736699995,40.095210380000026","135588016","R"
"225","2199 HOLT ROAD, GROVE CITY, OH, 43123","Match","Exact","2199 HOLT RD, GROVE CITY, OH, 43123","-83.11921046399993,39.90807456700003","218643101","R"
"105","730 COLLINGWOOD AVENUE, COLUMBUS, OH, 43213","Match","Exact","730 COLLINGWOOD AVE, COLUMBUS, OH, 43213","-82.90038088399996,39.95774546600006","135591891","L"
"226","1355 SOUTH HAMILTON ROAD, COLUMBUS, OH, 43227","Match","Exact","1355 S HAMILTON RD, COLUMBUS, OH, 43227","-82.87768349399994,39.947343819000025","218647648","R"
"106","4410 EAST JOHNSTOWN ROAD, GAHANNA, OH, 43230","Match","Exact","4410 E JOHNSTOWN RD, GAHANNA, OH, 43230","-82.85745032199998,40.046934186000044","647775431","R"
"227","887 ROSEHILL ROAD, REYNOLDSBURG, OH, 43068","Match","Exact","887 ROSEHILL RD, REYNOLDSBURG, OH, 43068","-82.81853402099995,39.96400654400003","135617527","R"
"107","1826 LATTIMER DRIVE, COLUMBUS, OH, 43227","Match","Exact","1826 LATTIMER DR, COLUMBUS, OH, 43227","-82.86451661999996,39.93959276800007","641118768","L"
"228","1636 GRAHAM ROAD, REYNOLDSBURG, OH, 43068","Match","Exact","1636 GRAHAM RD, REYNOLDSBURG, OH, 43068","-82.79570518599996,39.951274660000024","218647941","L"
"108","3911 DRESDEN STREET, COLUMBUS, OH, 43224","Match","Exact","3911 DRESDEN ST, COLUMBUS, OH, 43224","-82.96932524999994,40.047547258000066","135775296","L"
"229","6699 EAST LIVINGSTON AVENUE, REYNOLDSBURG, OH, 43068","Match","Exact","6699 E LIVINGSTON AVE, REYNOLDSBURG, OH, 43068","-82.81667072899995,39.94417342700007","630522002","R"
"109","7350 SAWMILL ROAD, COLUMBUS, OH, 43235","Match","Exact","7350 SAWMILL RD, COLUMBUS, OH, 43235","-83.09045562399996,40.11513608700005","218663256","R"
