1,2855 EAST LIVINGSTON AVENUE,COLUMBUS,OH,43209
2,5101 JOHNSTOWN ROAD,NEW ALBANY,OH,43054
3,3857 ALUM CREEK DRIVE,COLUMBUS,OH,43207
4,2255 QUAIL CREEK BVLD,GROVE CITY,OH,43123
5,393 EAST COLLEGE AVENUE,WESTERVILLE,OH,43081
6,610 LANCASTER AVENUE,REYNOLDSBURG,OH,43068
7,925 WEST MAIN STREET,WESTERVILLE,OH,43081
8,6633 DOUBLETREE AVENUE,COLUMBUS,OH,43229
9,4760 WINCHESTER PIKE,COLUMBUS,OH,43232
10,1479 MORSE ROAD,COLUMBUS,OH,43229
11,1621 FRANCISCO ROAD,COLUMBUS,OH,43220
12,4388 AVERY ROAD,HILLIARD,OH,43026
13,4900 BRANDONWAY DRIVE,DUBLIN,OH,43017
14,580 EAST WOODROW AVENUE,COLUMBUS,OH,43207
15,1184 BARNETT ROAD,COLUMBUS,OH,43227
16,1780 BARRINGTON ROAD,COLUMBUS,OH,43221
17,3600 LACON ROAD,HILLIARD,OH,43026
18,6100 BEECHCROFT RD,COLUMBUS,OH,43229
19,280 MORSE ROAD,COLUMBUS,OH,43214
20,455 BEECHWOOD ROAD,COLUMBUS,OH,43213
21,2655 SCOTTWOOD ROAD,COLUMBUS,OH,43209
22,4950 MORSE ROAD,COLUMBUS,OH,43230
23,1000 NOE BIXBY ROAD,COLUMBUS,OH,43213
24,1735 BETHEL RD,COLUMBUS,OH,43220
25,1220 BETHEL ROAD,COLUMBUS,OH,43220
26,1623 BRICE ROAD,REYNOLDSBURG,OH,43068
27,1080 BINNS BOULEVARD,COLUMBUS,OH,43204
28,263 CARPENTER STREET,COLUMBUS,OH,43205
29,4481 EAST DUBLIN GRANVILLE ROAD,WESTERVILLE,OH,43081
30,1280 BRENTNELL AVENUE,COLUMBUS,OH,43219
31,3160 BRICE ROAD,BRICE,OH,43109
32,3231 BRIGGS ROAD,COLUMBUS,OH,43204
33,4501 BRITTON ROAD,HILLIARD,OH,43026
34,760 EAST BROAD STREET,COLUMBUS,OH,43205
35,501 EAST BROAD STREET,COLUMBUS,OH,43215
36,2494 WALKER ROAD,HILLIARD,OH,43026
37,3880 REED ROAD,COLUMBUS,OH,43220
38,1528 LONDON GROVEPORT ROAD,GROVE CITY,OH,43123
39,2525 HOLTON ROAD,GROVE CITY,OH,43123
40,1290 COMMUNITY PARK DRIVE,COLUMBUS,OH,43231
41,4770 BURBANK DRIVE,COLUMBUS,OH,43220
42,122 WASHINGTON STREEET,CANAL WINCHESTER,OH,43110
43,464 RATHMELL ROAD,LOCKBOURNE,OH,43137
44,4900 SAWMILL ROAD,COLUMBUS,OH,43235
45,2048 DENUNE AVENUE,COLUMBUS,OH,43211
46,620 MCCUTCHEON ROAD,GAHANNA,OH,43230
47,1955 FRANK ROAD,COLUMBUS,OH,43223
48,4500 BIG RUN SOUTH ROAD,GROVE CITY,OH,43123
49,522 CHERRINGTON ROAD,WESTERVILLE,OH,43081
50,1480 ZETTLER ROAD,COLUMBUS,OH,43227
51,5586 OLENTANGY RIVER RD,COLUMBUS,OH,43235
52,5755 FEDER ROAD,COLUMBUS,OH,43228
53,6176 SHARON WOODS BOULEVARD,COLUMBUS,OH,43229
54,2600 MCCUTCHEON ROAD,COLUMBUS,OH,43219
55,235 MCNAUGHTEN ROAD,COLUMBUS,OH,43213
56,1150 WEST FIFTH AVENUE,COLUMBUS,OH,43212
57,999 CHAMBERS ROAD,COLUMBUS,OH,43212
58,499 EAST WEISHEIMER ROAD,COLUMBUS,OH,43214
59,775 GALLOWAY ROAD,GALLOWAY,OH,43119
60,3201 ALLEGHENY AVE.,COLUMBUS,OH,43209
61,2632 MCGUFFEY ROAD,COLUMBUS,OH,43211
62,2300 NORTH CASSADY AVE,COLUMBUS,OH,43219
63,1390 BRYDEN ROAD,COLUMBUS,OH,43205
64,1055 COLONY DRIVE,WESTERVILLE,OH,43081
65,35 OAKLAND PARK AVENUE,COLUMBUS,OH,43214
66,3330 CHIPPEWA ST. ,COLUMBUS,OH,43204
67,1100 HIGH STREET,HARRISBURG,OH,43126
68,2767 EAST BROAD STREET,COLUMBUS,OH,43209
69,3161 EAST FIFTH AVE,COLUMBUS,OH,43219
70,5100 DIERKER ROAD,COLUMBUS,OH,43220
71,2070 RIDGECLIFF ROAD,COLUMBUS,OH,43221
72,908 BRICKER BOULEVARD,COLUMBUS,OH,43221
73,630 WIRT ROAD,GROVEPORT,OH,43125
74,5075 CLEVELAND AVENUE,COLUMBUS,OH,43231
75,1100 SOUTH HAGUE AVENUE,COLUMBUS,OH,43204
76,457 ALTON DARBY CREEK ROAD,GALLOWAY,OH,43119
77,6305 PINEFIELD DRIVE,HILLIARD,OH,43026
78,7000 LONDON GROVEPORT ROAD,GROVE CITY,OH,43123
79,300 GROVEPORT ROAD,CANAL WINCHESTER,OH,43110
80,2400 SUTTER PARKWAY,DUBLIN,OH,43017
81,3919 BRICE ROAD,CANAL WINCHESTER,OH,43110
82,2900 MARTIN ROAD,DUBLIN,OH,43017
83,667 SULLIVANT AVENUE,COLUMBUS,OH,43215
84,1100 RHOADS AVENUE,COLUMBUS,OH,43206
85,5200 EMERALD PARKWAY,DUBLIN,OH,43017
86,81 WEST BRIDGE STREET,DUBLIN,OH,43017
87,5600 POST ROAD,DUBLIN,OH,43017
88,75 NORTH HIGH STREET,DUBLIN,OH,43017
89,4000 HARD ROAD,DUBLIN,OH,43016
90,1934 NORTH FOURTH ST,COLUMBUS,OH,43201
91,6926 TUSSING ROAD,REYNOLDSBURG,OH,43068
92,2505 BRENTNELL BOULEVARD,COLUMBUS,OH,43211
93,1925 STRATFORD WAY,COLUMBUS,OH,43219
94,4455 SOUTH HAMILTON ROAD,GROVEPORT,OH,43125
95,3371 NOE BIXBY ROAD,COLUMBUS,OH,43232
96,417 SOUTH WEYANT AVENUE,COLUMBUS,OH,43213
97,745 NORTH WAGGONER ROAD,BLACKLICK,OH,43004
98,1045 ROSS ROAD,COLUMBUS,OH,43227
99,3770 SHATTUCK AVENUE,COLUMBUS,OH,43220
100,3650 SUNBURY ROAD,COLUMBUS,OH,43219
101,5100 KARL ROAD,COLUMBUS,OH,43229
102,3281 MAYFAIR PARK PLACE,COLUMBUS,OH,43213
103,4203 ALKIRE RD.,GROVE CITY,OH,43123
104,3607 DEMPSEY ROAD,WESTERVILLE,OH,43081
105,730 COLLINGWOOD AVENUE,COLUMBUS,OH,43213
106,4410 EAST JOHNSTOWN ROAD,GAHANNA,OH,43230
107,1826 LATTIMER DRIVE,COLUMBUS,OH,43227
108,3911 DRESDEN STREET,COLUMBUS,OH,43224
109,7350 SAWMILL ROAD,COLUMBUS,OH,43235
110,1835 FINLAND AVENUE,COLUMBUS,OH,43223
111,3480 REFUGEE ROAD,COLUMBUS,OH,43232
112,1320 CAMBRIDGE BOULEVARD,COLUMBUS,OH,43212
113,3777 DUBLIN ROAD,COLUMBUS,OH,43221
114,4227 BROADWAY,GROVE CITY,OH,43123
115,93 WEST WEISHEIMER RD.,COLUMBUS,OH,43214
116,5744 N HAMILTON RD,COLUMBUS,OH,43230
117,5535 SANDALWOOD BOULEVARD,COLUMBUS,OH,43229
118,7171 CENTRAL COLLEGE ROAD,NEW ALBANY,OH,43054
119,1831 FINLAND AVENUE ,COLUMBUS,OH,43223
120,470 HAVENS CORNERS ROAD,GAHANNA,OH,43230
121,310 GRANVILLE STREET,GAHANNA,OH,43230
122,335 WEST JOHNSTOWN ROAD,GAHANNA,OH,43230
123,122 GALLOWAY ROAD,GALLOWAY,OH,43119
124,5336 GENDER ROAD,CANAL WINCHESTER,OH,43110
125,220 CLIFFSIDE DRIVE,COLUMBUS,OH,43202
126,120 WEST GOODALE STREET,COLUMBUS,OH,43215
127,1170 LANCASTER AVENUE,REYNOLDSBURG,OH,43068
128,6000 JOHNSTOWN ROAD,NEW ALBANY,OH,43054
129,100 EAST SCHROCK ROAD,WESTERVILLE,OH,43081
130,3950 SUMMIT VIEW RD,DUBLIN,OH,43016
131,1226 SHADY LANE ROAD,COLUMBUS,OH,43227
132,1515 GOODALE BOULEVARD,COLUMBUS,OH,43212
133,555 NORTH HIGH STREET,COLUMBUS,OH,43215
134,4301 GREENSVIEW DRIVE,COLUMBUS,OH,43221
135,777 HIGH ST.,WORTHINGTON,OH,43085
136,4665 HOOVER ROAD,GROVE CITY,OH,43123
137,2684 COLUMBUS STREET,GROVE CITY,OH,43123
138,7370 GROVEPORT ROAD,GROVEPORT,OH,43125
139,6400 LOCKBOURNE ROAD,LOCKBOURNE,OH,43137
140,1861 GANTZ ROAD,GROVE CITY,OH,43123
141,8075 DELLINGER ROAD,GALLOWAY,OH,43119
142,1850 HASTINGS LANE,COLUMBUS,OH,43220
143,575 OBETZ ROAD,COLUMBUS,OH,43207
144,2500 WEST BROAD STREET,COLUMBUS,OH,43204
145,4300 AVERY ROAD,HILLIARD,OH,43026
146,3340 HILLIARD ROME ROAD,HILLIARD,OH,43026
147,3800 MUNICIPAL WAY,HILLIARD,OH,43026
148,3600 LEAP ROAD,HILLIARD,OH,43026
149,5600 SCIOTO DARBY ROAD,HILLIARD,OH,43026
150,4681 LEAP ROAD,HILLIARD,OH,43026
151,4301 HOFFMAN FARMS DR,HILLIARD,OH,43026
152,2001 NORTHWEST BOULEVARD,COLUMBUS,OH,43212
153,6000 RENNER ROAD,COLUMBUS,OH,43228
154,1160 WATKINS ROAD,COLUMBUS,OH,43207
155,3360 PATRIOT BLVD.,COLUMBUS,OH,43219
156,1545 HUY ROAD,COLUMBUS,OH,43224
157,6305 BRAND ROAD,DUBLIN,OH,43017
158,6767 GENDER ROAD,CANAL WINCHESTER,OH,43110
159,2141 INDIANOLA AVENUE,COLUMBUS,OH,43201
160,3859 MAIN STREET,HILLIARD,OH,43026
161,4790 CEMETERY ROAD,HILLIARD,OH,43026
162,2271 HOLTON ROAD,GROVE CITY,OH,43123
163,3756 HOOVER ROAD,GROVE CITY,OH,43123
164,2100 ARLINGTON AVENUE,COLUMBUS,OH,43221
165,5750 KARL ROAD,COLUMBUS,OH,43229
166,299 KING AVENUE,COLUMBUS,OH,43201
167,8140 SANCUS BOULEVARD,WESTERVILLE,OH,43081
168,1677 SOUTH HAMILTON ROAD,COLUMBUS,OH,43227
169,2901 WHITLOW ROAD,COLUMBUS,OH,43232
170,2223 CLEVELAND AVENUE,COLUMBUS,OH,43211
171,1350 BRIARWOOD AVE,COLUMBUS,OH,43211
172,2626 CLEVELAND AVE,COLUMBUS,OH,43211
173,1390 CLEVELAND AVENUE,COLUMBUS,OH,43211
174,6200 LINWORTH ROAD,WORTHINGTON,OH,43085
175,2177 MOCK ROAD,COLUMBUS,OH,43219
176,825 E. LIVINGSTON AVE.,COLUMBUS,OH,43205
177,200 EAST LIVINGSTON AVE,COLUMBUS,OH,43215
178,2480 WEST DUBLIN GRANVILLE ROAD,COLUMBUS,OH,43235
179,4575 MADISON LANE,GROVEPORT,OH,43125
180,3901 MAIZE ROAD,COLUMBUS,OH,43224
181,4663 TRABUE RD,COLUMBUS,OH,43228
182,799 EAST WALNUT STREET,WESTERVILLE,OH,43081
183,270 SOUTH HEMPSTEAD ROAD,WESTERVILLE,OH,43081
184,2435 EAKIN ROAD,COLUMBUS,OH,43204
185,6005 ALKIRE ROAD,GALLOWAY,OH,43119
186,1200 SOUTH  WAGGONER ROAD,REYNOLDSBURG,OH,43068
187,862 EAST SECOND AVE,COLUMBUS,OH,43201
188,1393 EAST BROAD STREET,COLUMBUS,OH,43205
189,2555 EAST MAIN STREET,COLUMBUS,OH,43209
190,608 STAMBAUGH AVENUE,COLUMBUS,OH,43207
191,428 EAST MAIN STREET,COLUMBUS,OH,43215
192,1147 MOUNT VERNON AVENUE,COLUMBUS,OH,43203
193,2201 FRED TAYLOR DRIVE,COLUMBUS,OH,43210
194,3420 PETZINGER ROAD,COLUMBUS,OH,43232
195,2100 REYNOLDSBURG NEW ALBANY ROAD,BLACKLICK,OH,43004
196,5441 SUNBURY ROAD,GAHANNA,OH,43230
197,3690 NORTH STYGLER ROAD,GAHANNA,OH,43230
198,5001 WILCOX ROAD,DUBLIN,OH,43017
199,2040 WEST HENDERSON ROAD,COLUMBUS,OH,43220
200,4938 WESTERVILLE ROAD,COLUMBUS,OH,43231
201,500 NORTH HAMILTON ROAD,GAHANNA,OH,43230
202,1919 NORTHCLIFF DRIVE,COLUMBUS,OH,43229
203,4767 NORTHTOWNE BOULEVARD,COLUMBUS,OH,43229
204,6700 RINGS ROAD,DUBLIN,OH,43016
205,1340 FISHINGER ROAD,COLUMBUS,OH,43221
206,4454 DAVIDSON ROAD,HILLIARD,OH,43026
207,5666 OAKMONT DRIVE,COLUMBUS,OH,43232
208,1650 OBETZ AVENUE,COLUMBUS,OH,43207
209,470 GLENMONT AVENUE,COLUMBUS,OH,43214
210,505 S OHIO AVE,COLUMBUS,OH,43205
211,1739 NORTH HIGH STREET,COLUMBUS,OH,43210
212,2485 OLDE SAWMILL BOULEVARD,DUBLIN,OH,43016
213,3205 PARK STREET,GROVE CITY,OH,43123
214,1113 PARSONS AVENUE,COLUMBUS,OH,43206
215,3231 LEE ELLEN PLACE,COLUMBUS,OH,43207
216,455 CLARK STATE ROAD,GAHANNA,OH,43230
217,2341 SNOUFFER RD.,WORTHINGTON,OH,43085
218,9500 JOHNSTOWN ROAD,NEW ALBANY,OH,43054
219,720 POINTVIEW DRIVE,WESTERVILLE,OH,43081
220,5955 WEST BROAD STREET,GALLOWAY,OH,43119
221,5475 BRAND ROAD,DUBLIN,OH,43017
222,4877 CENTRAL COLLEGE ROAD,WESTERVILLE,OH,43081
223,3228 WESTERVILLE ROAD,COLUMBUS,OH,43224
224,1850 COURTRIGHT ROAD,COLUMBUS,OH,43227
225,2199 HOLT ROAD,GROVE CITY,OH,43123
226,1355 SOUTH HAMILTON ROAD,COLUMBUS,OH,43227
227,887 ROSEHILL ROAD,REYNOLDSBURG,OH,43068
228,1636 GRAHAM ROAD,REYNOLDSBURG,OH,43068
229,6699 EAST LIVINGSTON AVENUE,REYNOLDSBURG,OH,43068
230,4237 DUBLIN ROAD,HILLIARD,OH,43026
231,3260 RIVERSIDE GREEN DRIVE,DUBLIN,OH,43017
232,2701 ZOLLINGER ROAD,COLUMBUS,OH,43221
233,270 NORTH SPRING ROAD,WESTERVILLE,OH,43081
234,1065 OXLEY ROAD,COLUMBUS,OH,43212
235,5220 JOHNSTOWN ROAD,NEW ALBANY,OH,43054
236,2350 WEST MOUND STREET,COLUMBUS,OH,43204
237,434 NORTON RD,COLUMBUS,OH,43228
238,5660 TRABUE ROAD,COLUMBUS,OH,43228
239,6135 RINGS ROAD,DUBLIN,OH,43016
240,3220 COLUMBUS STREET,GROVE CITY,OH,43123
241,4456 MORSE ROAD,GAHANNA,OH,43230
242,4131 CLIME ROAD,COLUMBUS,OH,43228
243,1500 EAST SEVENTEENTH AVENUE,COLUMBUS,OH,43219
244,5862 SINCLAIR ROAD,COLUMBUS,OH,43229
245,760 WORTHINGTON WOODS BOULEVARD,WORTHINGTON,OH,43085
246,4142 WESTERVILLE ROAD,COLUMBUS,OH,43224
247,114 MORSE ROAD,COLUMBUS,OH,43214
248,1069 JAEGER STREET,COLUMBUS,OH,43206
249,4343 DUBLIN ROAD,HILLIARD,OH,43026
250,5950 SELLS MILL DRIVE,DUBLIN,OH,43017
251,1520 DAVIDSON DRIVE,REYNOLDSBURG,OH,43068
252,95 E WILSON BRIDGE RD,WORTHINGTON,OH,43085
253,850 NORTH NELSON ROAD,COLUMBUS,OH,43219
254,7260 SMOKY ROW ROAD,COLUMBUS,OH,43235
255,2365 MIDDLEHURST DRIVE,COLUMBUS,OH,43219
256,4750 BIG RUN SOUTH ROAD,GROVE CITY,OH,43123
257,3500 FIRST AVENUE,GROVE CITY,OH,43123
258,1500 SOUTH FOURTH STREET,COLUMBUS,OH,43207
259,145 SOUTH CENTRAL AVENUE,COLUMBUS,OH,43222
260,4700 STILES AVENUE,COLUMBUS,OH,43228
261,485 CHERRY BOTTOM ROAD,GAHANNA,OH,43230
262,745 PLEASANT RIDGE AVENUE,COLUMBUS,OH,43209
263,1850 SUTTER PARKWAY,POWELL,OH,43065
264,5089 JOHNSTOWN ROAD,NEW ALBANY,OH,43054
265,7200 COFFMAN ROAD,DUBLIN,OH,43017
266,3500 MILL RUN DRIVE,HILLIARD,OH,43026
267,751 ROSEHILL ROAD,REYNOLDSBURG,OH,43068
268,867 MOUNT VERNON AVENUE,COLUMBUS,OH,43203
269,60 COLLEGE VIEW RD.,WESTERVILLE,OH,43081
270,3220 LOWELL DR.,COLUMBUS,OH,43204
271,4671 TUTTLE ROAD,DUBLIN,OH,43017
272,300 WEST DUBLIN GRANVILLE ROAD,WORTHINGTON,OH,43085
273,1189 DENNISON AVENUE,COLUMBUS,OH,43201
274,2900 TREMONT ROAD,COLUMBUS,OH,43221
275,1581 CAMBRIDGE BLVD,COLUMBUS,OH,43212
276,240 WEST OAKLAND AVENUE,COLUMBUS,OH,43201
277,1731 GREENWAY AVENUE,COLUMBUS,OH,43203
278,6969 EAST LIVINGSTON AVENUE,REYNOLDSBURG,OH,43068
279,1625 ZOLLINGER ROAD,UPPER ARLINGTON,OH,43221
280,345 EAST SECOND AVE,COLUMBUS,OH,43201
281,4175 ALUM CREEK DRIVE,COLUMBUS,OH,43207
282,6000 COOPER ROAD,WESTERVILLE,OH,43081
283,360 SOUTH WAGGONER ROAD ,REYNOLDSBURG,OH,43068
284,600 WEST JOHNSTOWN ROAD,GAHANNA,OH,43230
285,2500 WATER'S EDGE BOULEVARD,COLUMBUS,OH,43209
286,1520 WATKINS RD,COLUMBUS,OH,43207
287,2935 BULEN AVENUE,COLUMBUS,OH,43207
288,390 EAST COLLEGE AVE,WESTERVILLE,OH,43081
289,455 SOUTH WESTGATE AVENUE,COLUMBUS,OH,43204
290,146 GALLOWAY ROAD,GALLOWAY,OH,43119
291,3923 NORTH HIGH STREET,COLUMBUS,OH,43214
292,4924 ETNA RD. ,COLUMBUS,OH,43213
293,525 BERNHARD ROAD,COLUMBUS,OH,43213
294,675 SOUTH YEARLING ROAD,COLUMBUS,OH,43213
295,130 EAST WALNUT STREET,WESTERVILLE,OH,43081
296,6375 GOLDFINCH DRIVE,WESTERVILLE,OH,43081
297,1219 EAST TWELFTH AVENUE,COLUMBUS,OH,43211
298,4776 WINTERSET DRIVE,COLUMBUS,OH,43220
299,105 PARK DRIVE,COLUMBUS,OH,43209
300,5147 KARL ROAD,COLUMBUS,OH,43229
301,345 EAST WILSON BRIDGE ROAD,WORTHINGTON,OH,43085
302,7400 WORTHINGTON GALENA ROAD,WORTHINGTON,OH,43085
303,1499 HARD ROAD,COLUMBUS,OH,43235
304,200 E WILSON BRIDGE RD,WORTHINGTON,OH,43085
305,600 HIGH STREET,WORTHINGTON,OH,43085
306,2335 WEST CASE ROAD,COLUMBUS,OH,43235
307,5620 DUBLINSHIRE DRIVE,DUBLIN,OH,43017
